F*ck u,https://www.myinstants.com/media/sounds/fuck-you_c72lhqW.mp3
AAAAAA,https://www.myinstants.com/media/sounds/rip-ears.mp3
Boy next door,https://www.myinstants.com/media/sounds/boy-next-door.mp3
Thank u sir,https://www.myinstants.com/media/sounds/gachi-thank-you-sir.mp3
Amaizing,https://www.myinstants.com/media/sounds/thats-amazing_i8ctuCt.mp3
Deep dark fantasy,https://www.myinstants.com/media/sounds/deep-dark-fantasies.mp3
Do u like,https://www.myinstants.com/media/sounds/do-you-like-what-you-see-van-darkholme.mp3
Im sory,https://www.myinstants.com/media/sounds/oh-shit-iam-sorry.mp3
Suction,https://www.myinstants.com/media/sounds/suction_lXUaIEQ.mp3
Dangeon master,https://www.myinstants.com/media/sounds/dungeon-master_lH2ReGX.mp3
Fisting is 300,https://www.myinstants.com/media/sounds/fisting-is-300.mp3